twhandle,name,fcnt,profs
@06melihgokcek,Melih Gökçek,67,Politician
@140darbe,Tuna Kiremitçi,29,"Author, Columnist"
@1VolkanDEMIREL,Volkan Demirel,15,Athlete
@8Selcukinan,Selçuk İnan,16,Athlete
@aakadiroglu,Abdullah Akadiroğlu,45,Journalist
@AAUGUR,Agah Uğur,10,Executive
@ABabuscu,Aziz Babuşcu,12,Politician
@abagis,Bağış Erten,0,Commentator
@abdulhamitgul,Abdulhamit Gül,0,Politician
@abdulkadiraksu1,Abdülkadir Aksu,68,"AKP, MP"
@abdulkdir_selvi,Abdulkadir Selvi,42,Journalist
@aberatconkar,Ahmet Berat Çonkar,2,"MP, AKP"
@acaliskan40,Abdullah Çalışkan,22,"MP, AKP"
@acikcenk,Levent Gültekin,0,Journalist
@ackilic76,Akif Çağatay Kılıç,2,"AKP, MP"
@acunilicali,Acun Ilıcalı,317,"TV host,  Producer"
@ademyavuza,Adem Yavuz Arslan,31,Journalist
@aDilipak,Abdurrahman Dilipak,55,"Journalist, Author"
@AdilSerdars,Adil Serdar Saçan,12,"Emeritus bureaucrat, Legist"
@AdnanBoynukara,Adnan Boynukara,20,Columnist
@adnandalgakiran,Adnan Dalgakıran,13,Businessman
@adnankeskinCHP,Adnan Keskin,10,"MP, CHP"
@afifd,Afif Demirkıran,10,"MP, AKP"
@ahamitbilici,Abdülhamit Bilici,49,Journalist
@AhmetBOgutken,Ahmet Baha Öğütken,10,"MP, AKP"
@ahmetcakar1,Ahmet Çakar,61,Commentator
@ahmeteozguc,Ahmet Eyüp Özgüç,17,Politician
@AhmetGunestekin,Ahmet Güneştekin,2,Artist
@ahmethc,Ahmet Hakan,124,Journalist
@AhmetMisbah,A. Misbah Demircan,24,Politician
@ahmetrizakorkut,Ahmet Rıza Korkut,18,"Artist, Author"
@AhmetTasgetiren,Ahmet Taşgetiren,23,"Journalist, Author"
@ahmettulgarr,Ahmet Tulgar,18,"Journalist, Author"
@ahmetturanalkan,Ahmet Turan Alkan,21,Columnist
@ahmetyesiltepe,Ahmet Yeşiltepe,9,TV host
@Ahmet_Davutoglu,Ahmet Davutoğlu,71,"MP, AKP"
@AHMTKURAL,Ahmet Kural,150,TV Series actor
@ahuozyurt,Ahu Özyurt,59,Journalist
@ahusungur1,Ahu Sungur,6,TV Series actor
@akapismak,Aşkım Kapışmak,0,Author
@AkarRidvanakar,Rıdvan Akar,6,Journalist
@Akasyaa,Akasya Asıltürkmen,15,Artist
@Akbag_Demet,Demet Akbağ,116,Artist
@akelali,Ali Akel,8,Journalist
@Akelebru,Ebru Akel,59,"TV host, TV Series actor"
@Akif_Hamzacebi,Akif Hamzaçebi,0,"MP, CHP"
@akin_birdal,Akın Birdal,3,Politician
@akkayasarp,Sarp Akkaya,33,TV Series actor
@aksezen,Açıl Sezen,22,Journalist
@aktaserdogan,Erdogan Aktas,2,"Journalist, TV host"
@AkyolMustafa,Mustafa Akyol,23,Author
@akyuzfikri,Fikri Akyüz,8,Lawyer
@AlAlatli,Alev Alatlı,12,Author
@AlatonLeyla,Leyla Alaton,21,Businesswoman
@AlenMarkaryan,Alen Markaryan,20,Cheerleader
@Alex10combr,Alex de Souza,84,Athlete
@ALIATIFBIR,Ali Atıf Bir,23,Academician
@alibabaoglan,Ali Rıza Babaoğlan,1,Consultant
@alicimen,Ali Çimen,1,Author
@alidurantopuz,Ali Topuz,10,"Lawyer, Columnist"
@alifuatyilmazer,Ali Fuat Yılmazer,0,Emeritus bureaucrat
@alihakanxyz,Ali Hakan,12,Columnist
@aliHaslan,Ali H. Aslan,0,Journalist
@Alimhamarat,Ali Murat Hamarat,9,"Journalist, Commentator"
@aliozgunduz,Ali Özgündüz,14,"Legist, CHP, MP"
@alipoyrazoglu,Ali Poyrazoğlu,28,Theater Actor
@alirizaozturk33,Ali Rıza Öztürk,10,"MP, CHP, Legist"
@AliSahin501,Ali Şahin,11,"MP, AKP"
@aliyucelen,Ali Yücelen,7,Businessman
@alkayaorhan,Orhan Alkaya,2,Artist
@ALLSTARhilmicem,Hilmi Cem İntepe,10,Celebrity
@alperkul,Alper Kul,11,TV Series actor
@alperseri,Alper Sarı,3,Twitter Phenomenon
@AlperTasdelen06,Alper Taşdelen,0,Politician
@AlperTurgut01,Alper Turgut,41,Columnist
@alper_tas,Alper Taş,0,Politician
@alphanmanas,Alphan Manas,10,Businessman
@alpkirsan,Alp Kırşan,125,TV Series actor
@AltanSan,Sanem Altan,22,Columnist
@AltanTanrikulu,Altan Tanrıkulu,13,"Journalist, Columnist, Commentator"
@altinsaray,Cem Altınsaray,0,"Author, Commentator"
@amberinzaman,Amberin Zaman,39,Journalist
@anjelikaakbar,Anjelika Akbar,30,Artist
@ApoOguz,Abdullah Oğuz,47,"Producer, Director"
@arasbulent,Bulent Aras,4,Academician
@ardakutsal,Arda Kutsal,14,Businessman
@Armagan_caglaya,Armağan Çağlayan,100,Celebrity
@armanayse,Ayse Arman,118,"Journalist, Columnist"
@arslandidem,Didem Arslan,0,"TV host, TV producer"
@ArzuErdogral,Arzu Erdoğral,31,Journalist
@ArzuKaprol,Arzu Kaprol,27,Stylist
@asaydam,Ali Saydam,9,Businessman
@aselcukilkan,A. Selçuk İlkan,0,Musician
@asim_yildirim,Asım Yıldırım,45,Journalist
@Askdoktoru,Mehmet Coşkundeniz,5,Journalist
@askonuk,Adil Sani Konukoglu,18,Businessman
@asliaydintasbas,Aslı Aydıntaşbaş,74,Journalist
@aslioymen,Aslı Öymen,19,"Journalist, TV host"
@atademirer,Ata Demirer,165,Artist
@atakankurt2,Atakan Kurt,14,TV host
@atalaydemirci,Atalay Demirci,25,Celebrity
@Atalay_Besir,Beşir Atalay,1,"MP, AKP"
@atigoll,Atilla Türker,4,Columnist
@atillakart,Atilla Kart,13,"CHP, MP"
@AtillaSertell,Atilla Sertel,13,"Journalist, Author"
@AtillaTasNet,Atilla Taş,134,Musician
@AtillaYesilada1,Atilla Yesilada,5,Consultant
@atilla_yayla,atilla yayla,8,"Academician, Columnist"
@Atiye,Atiye,96,Musician
@AttilaKoksal,Attila Koksal,5,Businessman
@attilao,Attila Özdemiroğlu,11,Musician
@ATuncayOzkan,Tuncay Özkan,4,"Politician, Journalist"
@AvarBanu,Banu Avar,75,"Author, Producer"
@avhamzadag,Hamza Dağ,2,"AKP, MP"
@avomerturanli,Ömer Turanlı,0,Lawyer
@avsarhellin,Helin Avşar,104,Celebrity
@av_idrissahin,İdris Şahin,4,"MP, AKP"
@Av_SelamiOzturk,Selami Öztürk,10,"Legist, Politician"
@aycasenbaskan,Ayça Şen,35,"Columnist, Radio DJ, Author"
@aydincingi,Aydın Cıngı,22,"Politician, Social entrepreneur"
@aydinsengul35,Aydın Şengul,1,"MP, AKP"
@AYDIN_KUSUM,Aydın Uğurlular,0,Musician
@ayhansicimoglu,Ayhan Sicimoglu,11,"TV host, Producer"
@aykanerdemir,Aykan Erdemir,8,"MP, CHP"
@aykurtnuh,Aykurt Nuhoğlu,0,Politician
@aykuterdogdu,Aykut Erdoğdu,23,"MP, CHP"
@aykut_isiklar,Aykut Işıklar,24,Columnist
@Ayla_Akat,Ayla Akat,18,"MP, HDP"
@AylinAsLIM,Aylin Aslım,65,Musician
@AylinNazliaka,Aylin Nazlıaka,33,"MP, CHP"
@aylin_kotil,Aylin Kotil,18,Politician
@AYMBASKANLIGI,Anayasa Mahkemesi Başkanlığı (AYM),3,Others
@aysebohurler,Ayşe Böhürler,16,Politician
@AysegulAldinc,Ayşegül Aldinç,76,"Artist, TV Series actor"
@AysegulDinckok,Ayşegül Dinçkök,0,Businesswoman
@aysekarabat,Ayşe Karabat,5,"Journalist, Author"
@aysekesir,Ayşe Keşir,11,Politician
@AysenurArslan50,Ayşenur Arslan,5,Journalist
@aysenuryazici,Ayşenur Yazıcı,30,TV host
@ayseozyilmazel,Ayse Özyılmazel,108,"Musician, Columnist, TV host"
@AyseTolga,Ayşe Tolga,13,"TV Series actor, Businesswoman"
@aziz_ustell,Aziz Üstel,16,"Columnist, Commentator"
@A_Behramoglu,Ataol Behramoğlu,0,Author
@badenzi,Bade Süalp,99,TV Series actor
@baharkorcan,Bahar Korcan,5,Stylist
@bahattinyucel,Bahattin Yücel,22,Politician
@Balciceki,Balçiçek İlter,46,"Journalist, TV host"
@banuguven,Banu Güven,60,Journalist
@banuka,Banu Yelkovan,28,Journalist
@banuzeytinoglu,Banu K. Zeytinoglu,2,Businesswoman
@BarbarosSansal,Barbaros Şansal,70,Stylist
@barisatay,Barış Atay,8,Artist
@BarisOrnarli,Baris Ornarli,4,Social entrepreneur
@barispehlivan,Barış Pehlivan,10,Journalist
@baristerkoglu,Barış Terkoğlu,19,Journalist
@baristunay,Baris Tunay,5,Executive
@barisyarkadas,Barış Yarkadaş,23,Journalist
@basaktemel,Başak Temel,14,Businesswoman
@baskomsernevzat,Ahmet Ümit,65,Author
@baydemirosman,Osman Baydemir,10,Politician
@bayjshow,Bay J,49,TV host
@BayramogluDeniz,Deniz Bayramoğlu,2,"Journalist, TV host"
@bedribaykam,Bedri Baykam,18,Artist
@beduk,Bedük,19,Musician
@behzatu,Behzat Uygur,48,Artist
@bejanmatur,Bejan Matur,18,"Author, Columnist"
@BekirDeveli,BekirDeveli,0,"TV host, Producer"
@bekirtegun,Bekir İrtegün,12,Athlete
@bekrcoskn,Bekir Coşkun,25,Journalist
@Belcimb,Belçim Bilgin,6,Artist
@BelmaSatir,Mihrimah Belma Satır,3,"MP, AKP"
@Bengu,Bengü,85,Musician
@bennugerede,Bennu Gerede,11,Artist
@beratozipek,Berat Özipek,0,Academician
@bernaertenn,Berna Ertan,0,Journalist
@bernalacin35,Berna Laçin,137,Artist
@berraktzntc,Berrak Tüzünataç,56,TV Series actor
@Besiktas,Beşiktaş JK,19,Sports club
@besmersoy,Burcu Esmersoy,70,TV host
@beyazit_ozturk,Beyazıt Öztürk,6,TV host
@beyinsiz_adam,Beyinsiz Adam,34,"Twitter Phenomenon, Columnist"
@bfalay,Baris Falay,58,"Artist, TV Series actor"
@bgmoner,Begüm Öner,1,Artist
@BilalMacit,Bilal Macit,4,"MP, AKP"
@Bilal_Erdogan,Bilal Erdoğan,14,Businessman
@birgulaguler,Birgül Ayman Güler,14,"MP, CHP"
@biriciksuden,Biricik Suden,7,Celebrity
@birolguven,Birol Güven,23,"Author, Producer"
@birsentezer,Birsen Tezer,5,Artist
@bkenes,Bülent Keneş,6,Journalist
@bkusoglu,Bülent Kuşoğlu,6,"MP, CHP"
@Boraoztoprak,Bora Öztoprak,8,Musician
@bskazizkocaoglu,Aziz Kocaoğlu,3,Politician
@BugraGulsoy,Buğra Gülsoy,40,Artist
@BuketUzuner,Buket Uzuner,15,Author
@bulentparlak,Bülent Parlak,4,TV Series actor
@bulenttanik,Bülent Tanık,3,Politician
@bulenttezcanchp,Bulent Tezcan,8,"MP, CHP"
@bulent_arinc,Bülent Arınç,43,"MP, AKP"
@bulent_korucu,Bülent Korucu,0,Journalist
@BunyaminSurmeli,Bünyamin Sürmeli,2,TV host
@burak,Burak Bayburtlu,8,Executive
@burak_eldem,Burak Eldem,8,Author
@Burak__Elmas,Burak Elmas,3,Businessman
@Burcakguven,Ayse Burcak Güven,15,Journalist
@BurcuGnes,Burcu Güneş,29,Artist
@BurhanKuzu,Burhan Kuzu,18,"MP, AKP"
@burhansesen,Burhan Şeşen,9,Musician
@BursasporSk,Bursaspor,2,Sports club
@busearici,Buse Arıcı,4,Twitter Phenomenon
@BuseTerim,Buse Terim,101,Celebrity
@busrapekin,Büşra Pekin,43,Artist
@buyukersen,Yılmaz Büyükerşen,5,Politician
@bybekirbozdag,Bekir Bozdağ,33,"MP, AKP"
@cagatayozdogru,Çagatay Özdoğru,5,Executive
@caglarmustafa,Mustafa Çağlar,1,Businessman
@cakir_rusen,Ruşen Çakır,22,"Journalist, Columnist"
@CalikogluLevent,levent calikoglu,4,Artist
@calikoznur,Öznur Çalık,2,Columnist
@CanAnayasa,Osman Can,3,"Academician, Legist"
@cananbarlas,Canan Barlas,20,"Author, Columnist"
@canbonomo,Can Bonomo,51,Musician
@CandanYceer,Candan Yüceer,20,"MP, CHP"
@Candan_Dost,Candan Karlıtekin,3,Businessman
@CandasTolga,Candaş Tolga Işık,16,Columnist
@candemirkoray,Koray Candemir,1,Artist
@candundaradasi,Can Dündar,59,"Journalist, Producer"
@canerclsr,Caner Çalışır,0,Twitter Phenomenon
@canereler,Caner Eler,4,Journalist
@cantanriyar1907,Can Tanrıyar,20,Producer
@cantongo,Can Tongo,29,TV host
@can_atakli_,Can Ataklı,54,Journalist
@cbabdullahgul,Abdullah Gül,250,Politician
@ccanozz,Can Öz,8,Businessman
@cdavran,Cem Davran,81,"Artist, TV host"
@ceceydates,Ceyda Ateş,0,"TV Series actor, Movie Actor"
@cefi,Cefi Kamhi,7,"Politician, Businessman"
@celalpir,Celal Pir,6,Journalist
@CelalToprak1,Celal Toprak,3,Columnist
@celikerisci,Çelik Erişçi,1,Artist
@cemadrian,Cem Adrian,8,Artist
@cemerciyes,Cem Erciyes,2,Journalist
@cemilertem,Cemil Ertem,3,"Academician, Columnist"
@ceminaycem,Cem Ceminay,39,Radio DJ
@cemkinay,Cem Kinay,1,Businessman
@cemkucuk55,Cem Küçük,5,Columnist
@cemmumcu,Cem Mumcu,8,"Author, Scientist"
@cemseymen,Cem Seymen,0,"TV host, Commentator"
@cem_boyner,Cem Boyner,12,Businessman
@cem_ozer,Cem Özer,26,"Artist, TV host"
@CengizCandar,Cengiz Çandar,5,"Journalist, Columnist"
@CengizHrtgl,Cengiz Hortoğlu,0,Social entrepreneur
@cengizsemercio,Cengiz Semercioglu,11,Journalist
@Cengizyavili,Cengiz Yavilioğlu,4,"MP, AKP"
@Cengiz_Turhan,Cengiz Turhan,2,Adman
@cenkerenonline,Cenk Eren,26,Musician
@cenksidar,Cenk Sidar,9,Businessman
@CenkTosun_,Cenk Tosun,9,Athlete
@ceriLevis,Ömür Özdemir,36,Twitter Phenomenon
@CetinSoysalCHP,Çetin Soysal,3,"MP, CHP"
@Cevdet_Erdol,Cevdet Erdöl,3,"MP, AKP"
@ceydak,Ceyda Karan,25,Journalist
@Ceyda_duvenci,Ceyda Düvenci,36,"TV Series actor, Movie Actor"
@ceyhunyilmaz,Ceyhun Yılmaz,100,"Author, TV host, Radio DJ"
@CEZA_ED,Ceza,15,Musician
@CharaAsena,Asena,73,Celebrity
@Chphalukkoc,Haluk Koç,8,"MP, CHP"
@cibecicina,Sibel Asna,1,Businesswoman
@CicekDilligil,Çiçek Dilligil,17,Artist
@ciftpelin,Pelin Çift,0,TV host
@CigdemAnad,Çiğdem Anad,4,Journalist
@cigdematabek,Çiğdem Atabek,1,Politician
@cigdemmater,Çiğdem Mater,14,Journalist
@Cihannaofficial,Cihan Sensözlü,0,Stylist
@CMYLMZ,Cem Yılmaz,151,Artist
@csgbfarukcelik,Faruk Çelik,27,"AKP, MP"
@cundubeyoglu,Ebru Cündübeyoğlu,57,TV Series actor
@cuneytozdemir,Cüneyt Özdemir,61,"Journalist, TV host"
@cuneytsen,Cüneyt Şen,1,"Journalist, TV host"
@cuneyttoros,Cüneyt Toros,1,Journalist
@dalphan,Deniz Alphan,2,Journalist
@davala22,Ümit Davala,17,Athlete
@dbdevletbahceli,Devlet Bahçeli,30,"MP, MHP"
@DCLCANOVA,Dicle Canova,13,Journalist
@ddemirkan,Demir Demirkan,28,Artist
@DDeryaBaykal,Derya Baykal,22,"Artist, TV host"
@degirmencirfan,İrfan Değirmenci,4,"Journalist, TV host"
@DemetAkalin,Demet Akalin Kurt,555,"Celebrity, Musician"
@demetsabanci,Demet Sabancı,0,Businesswoman
@demetsagiroglu,Demet Sağıroğlu,61,Musician
@DemirBetul,Betül Demir,16,Artist
@DengirFirat,Dengir Firat,10,Politician
@DenizPulas,Deniz Pulaş Akkartal,12,Model
@DenizUlke,Deniz Ülke Arıboğan,27,"Academician, Columnist"
@deniz_arcak,Deniz Arcak,17,Musician
@Deniz_Zeyrek,Deniz Zeyrek,5,Journalist
@DereogluBuket,Buket Dereoğlu,14,Artist
@derinbmermerci,Derin B. Mermerci,11,Celebrity
@deryakaradas1,Derya Karadaş,5,TV Series actor
@derya_sensoy,Derya Şensoy,41,Artist
@desifrehaber,Mehmet Ali Önel,0,"Journalist, TV host"
@dfikrisaglar,Fikri Sağlar,6,"Columnist, Politician"
@DIBMehmetGormez,Mehmet Gormez,8,Bureaucrat
@DidemUzelSARI,Didem Üzel Sarı,2,"TV Series actor, Model"
@didem_soydan,Didem Soydan,0,Model
@dmtevgar,Demet Evgar,52,TV Series actor
@Doarutkay,Doğa Rutkay,79,Artist
@DOGANAKINT24,Doğan Akın,1,Journalist
@DoganCuceloglu,Doğan Cüceloğlu,9,"Academician, Author"
@doganduru,Doğan Duru,8,Artist
@DogusOfficial,Doğuş,25,Musician
@doguyucel,Doğu Yücel,16,Author
@DOSTLARTIYATRO,Genco Erkal,6,Artist
@DrArguden,Dr. Argüden,2,Consultant
@drcemkece,Cem Keçe,0,"Scientist, Author"
@drerolkose,Erol Köse,113,Producer
@drgurbuzcapan,Gürbüz ÇAPAN,9,Politician
@drhaluksavas,Prof. Dr. Haluk Savaş,1,"Academician, Scientist"
@drorhanatalay65,orhan atalay,2,"MP, AKP"
@DrSinanOgan,Sinan Oğan,21,"MP, MHP"
@Dr_K_Aydin,Kemalettin Aydın,4,"MP, AKP"
@dsatmis,Doğan Satmış,1,Journalist
@ducane,Dücane Cündioğlu,3,Author
@DudekSenay,Şenay DÜDEK,16,Journalist
@duygucetinkaya,Duygu Çetinkaya,17,Celebrity
@D_AliTorlak,Ali Torlak,5,"MP, MHP"
@eadksk,Engin Altan Duzyatan,41,"TV Series actor, TV host"
@ebabahan,Ergun Babahan,24,Journalist
@ebasaksengul,Başak Şengül,9,TV host
@EbruBaki,Ebru Baki,31,"Journalist, TV host"
@ebrucapa,Ebru Çapa,16,"Journalist, Columnist"
@ebrudestaninan,Ebru Destan İnan,19,"Model, Musician"
@EbruGundes,Ebru Gündeş,196,Musician
@ebrusallitan,Ebru Şallı Tan,56,"Model, Athlete, TV host"
@EbruYasarOnline,Ebru Yaşar,21,Musician
@Ebru_Polat,Ebru Polat,234,Musician
@ebru_sanci,Ebru Şancı,33,"Celebrity, Model"
@Ece44,Ece Uslu,13,TV Series actor
@eceerken,Ece Erken,195,TV host
@ecem_gursel,Ece Gürsel,0,Musician
@ecevahapoglu,Ece Vahapoğlu,34,"TV host, Author"
@ece_sukan,Ece Sukan,54,"Stylist, Model"
@edaeceu,Eda Ece,0,TV Series actor
@edibesozen,Edibe Sözen,16,Politician
@edihvet,Şebnem Sönmez,17,"TV Series actor, Theater Actor"
@efkanala,Efkan Âlâ,3,Politician
@EgemenBagis,Egemen Bağış,49,"MP, AKP"
@egzOzpirincci,Ozge Ozpirincci,18,Artist
@ekinturkmen,Ekin Türkmen,31,TV Series actor
@EkremDumanli,Ekrem Dumanlı,10,Journalist
@eksihabermas,Ekşihabermas,22,Twitter Phenomenon
@ekurkcuHDP,Ertuğrul Kürkçü,8,"MP, HDP"
@elifaktug,Elif Aktug,26,Columnist
@elifcakirr,Elif Çakır,16,Columnist
@ElifD1,Elif Dagdeviren,23,"Journalist, Producer"
@elifilgaz,Elif Ilgaz,25,Journalist
@elifkey,Elif Key,17,Journalist
@Elif_Safak,Elif Şafak,62,Author
@elonue,Esra Elönü,0,"TV host, Commentator"
@Elvin_Aghayev,Elvin Aghayev,1,"Academician, Social entrepreneur"
@emavioglu,Ertugrul Mavioglu,2,Journalist
@emin_ekmen,Mehmet Emin Ekmen,7,Politician
@emirsarigul,Emir Sarıgül,0,Businessman
@EmrahHattat,emrah hattat,3,Businessman
@EmrahSerbes,Emrah Serbes,2,Author
@emrealkin1969,Emre Alkin,6,Academician
@emrealt,emre altug,44,"Musician, TV Series actor"
@emreaydin,Emre Aydın,40,Musician
@emrecolak1010,EMRE ÇOLAK,22,Athlete
@emrekarayel01,emre karayel,38,Theater Actor
@emrekkinay,Emre Kinay,5,Artist
@EmreUslu,Emre Uslu,34,Journalist
@emrkongar,Emre Kongar,2,"Academician, Columnist, Author"
@enginozkoc,Engin Özkoç,2,"CHP, MP"
@enisarikan,Enis Arıkan,1,Twitter Phenomenon
@enveraysever2,enver aysever,26,"Journalist, TV host, Author"
@EnverYucel,Enver Yücel,2,Businessman
@EratalaySevinc,Sevinç Eratalay,24,Artist
@erbilmehmetali,mehmetalierbil,28,"Artist, TV host"
@ercaninanvatan,Ercan İnan,0,Journalist
@ercan_karakas,Ercan Karakaş,2,Politician
@Erdal_Sen,Erdal Şen,2,"Journalist, Author"
@ERDEMYENER,Erdem Yener,12,Artist
@erdgnbayraktr,Erdoğan Bayraktar,8,"MP, AKP"
@erdilyasaroglu,Erdil Yasaroglu,21,Artist
@erdoganarikan,Erdoğan Arıkan,28,TV host
@erenegilmez,Eren Eğilmez,7,"Journalist, Columnist"
@erenerdemnet,Eren Erdem,0,Journalist
@erginataman,Ergin Ataman,3,Coach
@erginsadullah,Sadullah Ergin,2,"MP, AKP"
@ErginSadulllah,Harun KARACA,2,"MP, AKP"
@erguven11,Erhan Güven,1,Journalist
@ErhanErkut,Erhan Erkut,4,Academician
@erhan_basyurt,Erhan Başyurt,5,"Journalist, Columnist"
@Erhan_Celikk,Erhan ÇELİK,5,Journalist
@erkan_akkus,Erkan Akkuş,45,Journalist
@ErknCan,Erkan Can,8,Artist
@ErolEsra,Esra Erol,85,TV host
@erolgoka,Erol Göka,10,"Academician, Politician"
@erolkaya_ist,Erol Kaya,4,"MP, AKP"
@ersinduzen,Ersin Düzen,9,TV host
@ersozhuseyin,Hüseyin Ersöz,6,Lawyer
@ertanaydin,Ertan Aydın,1,"Academician, Consultant"
@ErtugrulGunay,Ertuğrul Günay,27,"MP, Independent"
@ErtugrulTSKRN,Ertuğrul Taşkıran,3,Athlete
@esatcanan,Esat Canan,3,"MP, HDP"
@eseryenenler,Eser YENENLER,35,"TV host, Theater Actor"
@esesci,Sedat Kapanoğlu,1,Businessman
@esinovet,Esin Övet,22,"Columnist, TV host"
@esraceydaersoy,Esra & Ceyda,110,Celebrity
@ETemelkuran,Ece Temelkuran,53,"Author, Commentator"
@ethemkutu,Ethem K.,1,Businessman
@EToprakCHP,Erdoğan Toprak,6,"MP, CHP"
@EUTarhan,Emine Ülker Tarhan,25,"MP, CHP"
@eylulonline,Eylül Özturk,9,Twitter Phenomenon
@EYorgancilar,Erder Yorgancılar,0,Businessman
@EYPMUHCU,Eyüp Muhcu,3,Social entrepreneur
@eyuboglualice,Ali  Eyüboğlu,14,Columnist
@eyupcansaglik,Eyüp Can,4,Journalist
@ezgibasaran,Ezgi Basaran,32,Journalist
@ezgimola,ezgi mola,74,Artist
@ezop2011,Ezel Akay,4,Theater Actor
@E_Sarizeybek,Erdal Sarızeybek,17,"Author, Emeritus Officers"
@FadikAtasoy,Fadik Sevin Atasoy,45,Artist
@fadimeozkan,Fadime Özkan,11,Journalist
@faikoztrak,Faik Öztrak,0,"MP, CHP"
@FaikTUNAY,Faik Tunay,7,"MP, CHP"
@FARACYAZIYOR,Mehmet Faraç,9,Journalist
@farukbalkonya,Faruk Bal,0,"MP, MHP"
@farukbildirici,Faruk Bildirici,7,Journalist
@farukec,Faruk Eczacibasi,10,Businessman
@farukmercan,Faruk Mercan,11,Journalist
@FarukSorak,Ömer Faruk Sorak,8,Director
@fatihaltayli,Fatih Altayli,49,Journalist
@fatihportakal,Fatih Portakal,108,"Journalist, TV host"
@fatihtezcan,Fatih Tezcan,2,"Author, Commentator"
@fatihurekk,Fatih Urek,8,Musician
@FatmaSahin2023,Fatma Şahin,33,"MP, AKP"
@Fatma_Barbaros,Fatma Barbarosoğlu,4,Columnist
@fatosgurkan,Fatoş Gürkan,4,"MP, AKP"
@fatoskarahasan,Fatoş Karahasan,13,Journalist
@fatos_kabasakal,Fatoş Kabasakal,26,"TV host, TV Series actor"
@femgucluturk,fem güçlütürk,7,Author
@Fenerbahce,Fenerbahçe SK,39,Sports club
@fenerlicavus,omer cavusoglu,3,"Businessman, Commentator"
@feraitinc,ferai tinc,2,Journalist
@feramuzustun,Feramuz Üstün,3,"AKP, MP"
@FerdanErgut,Ferdan Ergut,18,"Politician, Academician"
@FerdiCarrefour,Ferdi Carrefour,53,Twitter Phenomenon
@ferhan_sensoy,Ferhan Şensoy,0,Artist
@ferhatgocer,Ferhat Göçer,28,Musician
@ferhatkentel,Ferhat Kentel,0,Academician
@ferhatttunc,Ferhat Tunç,26,Politician
@feridun_duzagac,Feridun Düzağaç,24,Artist
@FeryalGulman,Feryal Gulman,1,Celebrity
@ferzanozpetek,Ferzan Ozpetek,8,Director
@fetinkazanci,Fetin Kazancı,1,Businessman
@feyzi_isbasaran,Feyzi İşbaşaran,2,"Politician, Commentator"
@FGulencomTR,Fethullah Gülen,25,Religious Scholar
@fikriisik,Fikri ışık,1,"AKP, MP, Politician"
@FilizTcbs,Filiz Taçbaş,0,TV Series actor
@firattanis,Fırat Tanış,22,"Theater Actor, Author"
@fkoru,Fehmi Koru,10,"Journalist, Columnist"
@forzabesiktas,çArşı,16,Cheerleader
@fthturkmenoglu,Fatih Türkmenoğlu,3,TV host
@fuatavni,Fuat Avni,4,Twitter Phenomenon
@fuatavnifuat,Fuat Avni F.,0,Twitter Phenomenon
@fuatkozluklu,Fuat Kozluklu,1,"Journalist, TV host"
@fuldenuras,Fulden Uras,38,Musician
@FURKANKIZILAY,Furkan Kızılay,174,TV Series actor
@futuristufuk,Ufuk Tarhan,12,Businesswoman
@GalatasaraySK,Galatasaray SK,55,Sports club
@GalipEnsarioglu,Galip Ensarioglu,3,"MP, AKP"
@Galip_Ozturk,Galip Öztürk,0,Businessman
@gamzekaraman,Gamze Karaman,2,"TV Series actor, TV host"
@gamze_saracoglu,Gamze Saraçoğlu,5,Stylist
@GaniMujde,Gani Müjde,46,"Author, Producer, Director"
@GaroPaylan,Garo Paylan,0,Politician
@GBilgehan,Gülsün BİLGEHAN,10,"MP, CHP"
@Geo151976,Galip Ozturk,8,Journalist
@gerisayim,Berfu Güven,15,"Journalist, TV host"
@GFeyman,Gülgün Feyman,0,TV host
@gizem_ozdilli,Gizem Özdilli,9,Celebrity
@GlmErsan,Ersan Gülüm,2,Athlete
@GogebakanMurat,Murat Göğebakan,11,Musician
@gokayotyam,Gokay Otyam,0,"Journalist, Executive"
@gokhanozen,Gökhan Özen,0,Musician
@gokhantepemusic,Gökhan Tepe,0,Musician
@gokselonline,Göksel,27,Musician
@Gonca_Vuslateri,Gonca Vuslateri,32,TV Series actor
@GonenCenk,Cenk Gönen,1,Athlete
@gorguntaner,Görgün Taner,1,Executive
@GozdeKansu,Gözde Kansu,5,"Artist, TV host"
@guldalaksit,Güldal Akşit,9,"MP, AKP"
@Guldenay007,Güldenay Sonumut,12,Journalist
@gulerkomurcu,Güler Kömürcü,7,Journalist
@gulhantekin,Gülhan Tekin,9,Artist
@gulsenin,Gülşen,27,Musician
@gulserenonanc,Gülseren Onanç,7,"Politician, Social entrepreneur"
@GultekinAvc,Gültekin Avcı,10,"Columnist, Legist"
@gultekinbulent,Bülent Gültekin,5,"Academician, Emeritus bureaucrat"
@gunaydingokhan,Gökhan Günaydın,6,"CHP, MP"
@gundesbakir,Pelin Gündeş Bakır,2,"Academician, AKP, MP"
@GunerFuat,Fuat Güner,3,Artist
@gupseo,Gupse Özay,39,TV Series actor
@gurcanbalik,GURCAN BALIK,1,"Consultant, Bureaucrat"
@gurcanbilgic,Gürcan BİLGİÇ,4,"Journalist, Commentator"
@gurseltekin34,Gürsel Tekin,13,"MP, CHP"
@Gurul,Gürül Öğüt,0,"Adman, Author"
@guvendikelif,Elif Güvendik,0,TV host
@GuvenKiracResmi,Güven Kıraç,13,Artist
@GUVENOZALPBXL,GUVEN OZALP,1,Journalist
@guvsak,guven sak,1,"Academician, Columnist"
@Guzelzinho,Samet Guzel,12,Others
@haberaktif,gökmen karadağ,11,"Journalist, TV host"
@haberalmehmet,Mehmet Haberal,5,"MP, CHP"
@hacisabanci,Hacı Sabancı,5,Businessman
@HadiOzisik,Hadi Özışık,7,Journalist
@Hadise,HADISE ACIKGOZ,129,Musician
@hakanchelik,Hakan Celik,14,"Journalist, Columnist"
@hakanhepcan,Hakan Hepcan,18,Twitter Phenomenon
@hakansukur,Hakan Şükür,65,"MP, Independent, Commentator"
@hakanturpcu,Hakan Turpcu,0,Journalist
@hakan_akkaya,hakan akkaya,47,Stylist
@hakan_aygun,Hakan Aygün,16,"Journalist, TV host"
@halesen,Halit Esendir,0,Bureaucrat
@halideincekara,Halide İNCEKARA,3,"MP, AKP"
@halilmazicioglu,Halil Mazıcıoğlu,2,"MP, AKP"
@halilsezaip,Halil Sezai,20,Musician
@HalilSoyletmez,Halil Söyletmez,10,Twitter Phenomenon
@halimekokce,Halime Kökce,0,Journalist
@halukilicak,Haluk Ilıcak,6,Bureaucrat
@halukipek06,Haluk İpek,3,"MP, AKP"
@HalukMesci,Haluk Mesci,2,Adman
@HalukSicimoglu,Haluk Sicimoğlu,1,Adman
@haluk_eyidogan,haluk_eyidogan,4,"MP, CHP"
@haluk_levent,Haluk Levent,37,Musician
@hamdialkan,Hamdi Alkan,19,"Artist, Producer"
@hamditopcu53,Hamdi Topçu,1,"Bureaucrat, Executive"
@hamzayerlikaya,Hamza Yerlikaya,1,"Politician, Athlete"
@handealtayli,Hande Altaylı,7,Author
@handefrt,hande fırat,7,"Journalist, TV host"
@handekuday,Hande Kuday,0,"Lawyer, Columnist"
@handeyener,Hande Yener,67,Musician
@Hande_Kazanova,Hande Kazanova,16,"Commentator, Model"
@HanefiAvci2014,Hanefi Avcı,0,Emeritus bureaucrat
@harun_tekin,Harun Tekin,20,Musician
@hasancelalguzel,Hasan Celal Guzel,10,"Politician, Columnist"
@hasandoganTR,Hasan Dogan,1,Academician
@hasankoktas,Hasan Köktaş,2,Emeritus bureaucrat
@hasibe_eren,Hasibe Eren,6,"TV Series actor, Theater Actor"
@HasipKAPLAN,Hasip KAPLAN,14,"MP, HDP"
@HasmetBABA,Haşmet Babaoğlu,13,"Author, Columnist, Commentator"
@Hayati_Yazici,Hayati Yazıcı,2,"MP, AKP"
@haydrendersarac,Ender Saraç,1,Consultant
@haykobagdat,Hayko Bağdat,24,"Journalist, Commentator"
@HAYKOCPQN,Hayko Cepkin,32,Musician
@Hayriinonu,Hayri İnönü,0,Politician
@hc_huseyincelik,Hüseyin Çelik,14,"AKP, MP, Politician"
@HDPDEMIRCELIK,Demir Çelik,5,"MP, HDP"
@hdpdemirtas,Selahattin Demirtaş,20,"MP, HDP"
@Hdptugluk,Aysel Tuğluk,17,"HDP, MP"
@hetenketenabi,GDO Hasan Kaçan,20,"Artist, Producer"
@hidayet_karaca,Hidayet Karaca,1,Executive
@hidirgevis,Hıdır Geviş,3,Journalist
@hidoturkoglu15,Hidayet Türkoğlu,6,Athlete
@hikmetcetinkaya,Hikmet Çetinkaya,2,"Journalist, Columnist"
@hikmetgenc,Hikmet Genç,13,Columnist
@hilalcebeciii,Hilal Cebeci,147,Twitter Phenomenon
@hilal_kaplan,Hilâl Kaplan,20,Journalist
@hilmihacaloglu,Hilmi Hacaloğlu,8,"Journalist, TV host, Author"
@hozer200,Halil Özer,0,Journalist
@HSNCML,Hasan Cemal,18,Journalist
@HsynKrdy,Hüseyin Karadayı,2,Producer
@hulyavsar,Hülya Avşar,195,Artist
@HurAyse,Ayşe Hür,28,Columnist
@hursitgunes,Hurşit Güneş,4,"MP, CHP"
@HuseyinAygun62,Hüseyin Aygün,17,"MP, CHP"
@huseyingulercee,Hüseyin Gülerce,0,Columnist
@huseyinsahinnet,Hüseyin Şahin,3,"MP, AKP"
@HuseyinYayman,Hüseyin Yayman,1,"Academician, Columnist, Commentator"
@husnumahalli,Hüsnü Mahalli,14,"Journalist, Author"
@ibinici,İbrahim Binici,8,"MP, HDP"
@ibrahimbetil,Ibrahim Betil,7,Social entrepreneur
@ibrahimbuyukak,İbrahim Büyükak,9,TV Series actor
@ibrahimseten,İbrahim Seten,3,Journalist
@ibrahimsober,İbrahim Uslu,3,Businessman
@ibrahim_karagul,İbrahim Karagül,6,"Journalist, Author"
@iclalaydin,İclal Aydın,57,"Author, TV Series actor"
@idrisbal,İdris Bal,15,"MP, Independent"
@idrisgulluce,İdris Güllüce,1,"MP, AKP"
@ihhinsaniyardim,İHH İnsanı Yardım Vakfı,2,Social entrepreneur
@ihsandagi,İhsan Dağı,9,"Academician, Columnist"
@ihsaneliacik,R. İhsan Eliaçık,20,"Author, Thinker"
@ihsanozkes,İhsan Özkes,6,"MP, CHP"
@ihsanylmz,İhsan Yılmaz,5,"Academician, Columnist"
@ikalin1,Ibrahim Kalin,6,"Consultant, Politician"
@ikaraosmanoglu,İsmail Karaosmanoğlu,6,Politician
@ilhancihaner,İlhan Cihaner,12,"MP, CHP"
@ilhankesici,İlhan Kesici,6,"Emeritus bureaucrat, Politician"
@ilkerbasbugcom,İlker Başbuğ,27,Emeritus Officers
@ilkerkoc2,İlker Koç,2,TV host
@Ilterkemal,Kemal İLTER,1,Bureaucrat
@imparatoribo,İbrahim Tatlıses,147,"Musician, Businessman, Director"
@ineziroglu,Dr. İrfan Neziroğlu,0,Bureaucrat
@iremderici,İrem Derici,0,Musician
@iremsak,İrem Sak,7,"TV Series actor, TV host"
@isbecer,Fatih işbecer,4,Businessman
@ishinkaraca,Işın Karaca,30,Artist
@isilrecber,Işıl Recber,14,Celebrity
@IsinGormusELLE,Işın Görmüş,3,Journalist
@isingurel,Isin Gurel,3,TV host
@iskenderpaydas,iskender paydas,23,Artist
@ismailer_,İsmail Er,2,Journalist
@ismailhpolat,İsmail H. Polat,2,Academician
@ismailsaymaz,İsmail Saymaz,0,Journalist
@ismail_safi,İsmail Safi,2,"MP, AKP"
@ismail_yasa,İsmail Yaşa,5,Author
@ismet_berkan,İsmet Berkan,4,"Journalist, Columnist"
@istiklalAkarsu,İstiklal Akarsu,21,"Author, Twitter Phenomenon"
@itiresen,Itır Esen,7,Movie Actor
@ivanasertivana,Ivana Sert,52,Stylist
@Izelcelikozz,Izelcelikoz,13,Musician
@izzetcapa,Izzet Capa,11,"Businessman, Celebrity"
@Jaharrad,Bülent Somay,0,"Academician, Author"
@JulideAtes,Jülide Ateş,25,TV host
@kaankural,Kaan Kural,19,"Columnist, Commentator"
@kaansezyum,Kaan Sezyum,19,Twitter Phenomenon
@kaanyakuphan,Kaan Yakuphan,13,TV host
@kadirdogulu,Kadir Doğulu,70,TV Series actor
@KadirGokmenOgut,Kadir Gökmen Öğüt,7,"MP, CHP"
@KadirMisiroglu,Kadir Mısıroglu,0,Author
@Kadir__Topbas,Kadir Topbaş,27,Politician
@KadriGursel,Kadri Gürsel,10,"Journalist, Columnist"
@Kaleagasi,Bahadir Kaleagasi,9,Executive
@kamalakmustafa,Mustafa Kamalak,4,Politician
@KamerGen1,Kamer Genç,32,"MP, CHP"
@kaplanseren,Erdal Kaplanseren,2,"Journalist, Author"
@KaracanOkan,Okan Karacan,11,TV host
@karadagerhan,Erhan Karadağ,4,Journalist
@KarakasEser,Eser Karakaş,3,"Academician, Columnist"
@karamanhikmet,Hikmet Karaman,3,Coach
@katkaya,Kanat Atkaya,8,Columnist
@KavlakPevrul,Pevrul KAVLAK,1,Executive
@KAYABJK,Kaya Çilingiroğlu,31,"Commentator, Celebrity"
@KaygusuzSema,Sema Kaygusuz,6,Author
@Kaynarca_Oktay,Oktay Kaynarca,71,Artist
@kazimmolla,Kazım Mehmet,0,Academician
@kekec_ahmet,Ahmet Kekeç,26,Columnist
@KemalBurkay1,Kemal Burkay,7,Politician
@KemalDogulu,Kemal Dogulu,14,Musician
@kemalgoktas,Kemal Göktaş,5,Journalist
@kemalgulen,Kemal Gülen,0,TV host
@kemallaktas,Kemal Aktaş,0,"MP, Independent"
@kemalozturk2020,Kemal Öztürk,2,Bureaucrat
@kenandogulu,Kenan Doğulu,22,Musician
@keremalkin,Kerem Alkin,2,Academician
@keremgorsev,Kerem Gorsev,3,Artist
@keremtibuk,Kerem Tibuk,5,Businessman
@KerimcanG,Kerimcan Guleryuz,2,"Artist, Businessman"
@kilicdarogluk,Kemal Kılıçdaroğlu,30,"MP, CHP"
@kinikli88,Suat Kınıklıoğlu,1,Politician
@kisanakgultan,Gültan Kışanak,8,"MP, HDP"
@kitapdunyasi,Sayım Çınar,0,Author
@kivanctatlitug,Kıvanç Tatlıtuğ,50,TV Series actor
@kizilirmakilkay,ilkay Akkaya,29,Artist
@kizilkaya66,Muhsin Kızılkaya,0,Author
@KorayaydinMHP,Koray Aydın,15,"MP, MHP"
@koraybirand,Koray Birand,0,Artist
@koraycaliskan,Koray Çalışkan,26,"Academician, Columnist"
@KorgEnginAlan,Engin Alan,0,"MP, MHP"
@KorogluDerya,Derya Köroğlu,15,Musician
@kucukiskender,Küçük İskender,22,"Poet, Author"
@KucukkayaIsmail,İsmail Küçükkaya,14,Journalist
@kursatbasar,Kürşat Başar,6,Journalist
@kutlugataman,Kutluğ Ataman,2,"Artist, Director"
@kutup_zencisi,Kutup Zencisi,1,Twitter Phenomenon
@Ladyimam,İmamınGülü✌,132,Twitter Phenomenon
@lalesivgin,Lale Şıvgın Dundar,20,"Journalist, TV host"
@LaraSayilgan,Lara Sayılgan,3,Artist
@latiferdogan56,Latif Erdoğan,0,Author
@Lerzan_Mutlu,Lerzan Mutlu,3,Artist
@leventerden,Levent Erden,11,Adman
@leventerim,leventerim,15,Radio DJ
@leventtulek,levent tülek,5,Theater Actor
@LeventTuzel,A. Levent Tüzel,65,"MP, HDP"
@LeventTuzemen,Levent Tüzemen,8,Columnist
@LeventUzumcu,Levent Üzümcü,103,Artist
@levent_kazak,Levent Kazak,13,Artist
@leylazanainfo,Leyla Zana,0,"MP, Independent"
@Leyla_Ipekci,Leyla İpekci,2,Author
@lezzetlipiyasa,Abdurrahman Yıldırım,20,Columnist
@lifeisaturkubar,vasif kortun,5,Artist
@linetmenasi,Linet Menaşi,0,Musician
@lokmanayva,Lokman Ayva,5,Politician
@LokmanCagirici,Lokman ÇAĞIRICI,7,Politician
@lsdomicim,Leman Sam,10,Artist
@lubeayar,Lube Ayar,63,Journalist
@LutfuTurkkan,Lütfü Türkkan,32,"MP, MHP"
@mahfiegilmez,Mahfi Eğilmez,8,Academician
@mahirunal,Mahir Ünal,10,"MP, AKP"
@MahirZeynalov_,Mahir Zeynalov,0,Journalist
@mahmutovur,mahmut övür,6,"Journalist, Columnist"
@maliilicak,mehmet ali ilicak,3,Businessman
@MalikEcderOzdmr,Malik Ecder Özdemir,4,"MP, CHP"
@mancolog,Doğukan Manço,21,Artist
@mansiz26,İlhan Mansız,14,Athlete
@mansuryavas06,Mansur Yavaş,4,Politician
@markaresayan,Markar Esayan,0,Author
@mazharbagli,Mazhar Bağlı,11,"Academician, Politician"
@MBekaroglu,Mehmet Bekaroğlu,11,"Politician, Academician"
@MCumbulOfficial,Meltem Cumbul,18,Movie Actor
@MeetinOzulku,Metin Özülkü,1,Commentator
@MehmetAltanFan,Mehmet Altan,26,Academician
@mehmetbaransu,Mehmet Baransu,36,Journalist
@mehmetdemirkolb,mehmet demirkol,4,"Journalist, Commentator"
@MehmetEroglu_,Mehmet Eroğlu,7,Author
@mehmetgundem,Mehmet Gündem,2,"Journalist, Author"
@MehmetOkur13,Mehmet Okur,6,Athlete
@MehmetPerincek,Mehmet Perinçek,2,"Journalist, Politician"
@mehmettez,Mehmet Tez,4,"Author, Commentator"
@mehvesevin,mehves evin,7,Journalist
@meldaonur,Melda Onur,6,"MP, CHP"
@melek_baykal,Melek Baykal,2,"TV Series actor, Theater Actor"
@melihaltinok,Melih Altınok,13,Columnist
@melihasik,Melih Aşık,9,Columnist
@melihbayramdede,Melih Bayram Dede,2,"Journalist, Commentator"
@melikedemirag,Melike Demirağ,10,Artist
@melikekarakarta,Melike Karakartal,7,Columnist
@melisalphan,Melis Alphan,40,Journalist
@melisdanismend,Melis Danişmend,10,"Musician, Journalist"
@memboydak,Memduh Boydak,2,Businessman
@memetalialabora,Memet Ali Alabora,25,"Social entrepreneur, Theater Actor"
@memetsimsek,Mehmet Simsek,20,"MP, AKP"
@mensurakgun,Mensur Akgün,0,"Academician, Columnist"
@mentesmurat,Murat Menteş,3,Columnist
@meral_aksener,Meral Akşener,14,"MP, MHP"
@MercanDede,Mercan Dede Arkın,4,Musician
@merdanyanardag,Merdan Yanardağ,5,"Journalist, Columnist"
@MertGunok,Mert Günok,2,Athlete
@meryemuzerli,Meryem Uzerli,12,TV Series actor
@MesutOzil1088,Mesut Özil,6,Athlete
@mesutyar,Mesut Yar,42,"Columnist, TV host"
@metecubukcu,Mete Çubukçu,8,Journalist
@metehan_demir,Metehan Demir,4,Journalist
@MetinAROLAT,Metin Arolat,49,"Musician, Director"
@metinfeyzioglu,Metin Feyzioğlu,8,"Academician, Lawyer, Politician"
@metinkeceli,Metin Keçeli,1,Businessman
@MetinUca,Metin Uca,108,"Author, TV host"
@metinustundag,metin üstündağ,11,"Artist, Author"
@MevlutAslanoglu,Ferit Mevlüt Aslanoğlu,2,"CHP, MP"
@MevlutCavusoglu,Mevlüt Çavuşoğlu,4,"MP, AKP"
@mevluttezel,Mevlut Tezel,4,"Columnist, Commentator"
@MHilalKaplan,Mehmet Hilal Kaplan,2,"CHP, MP"
@Mhsnkrmzgl,Mahsun Kirmizigül,38,"Musician, Director"
@mhulkicevizoglu,Hulki Cevizoğlu,18,"Journalist, Producer"
@mimarserdarinan,Serdar İnan,5,Businessman
@Minetugay,Mine Tugay,0,TV Series actor
@MirgunCabas,Mirgun Cabas,17,"Journalist, TV host"
@mkartoglu,Mustafa Kartoğlu,0,Journalist
@mkdoksat,Mehmet Kerem Doksat,0,Scientist
@MKilic52,Mustafa Kılıç,3,Journalist
@mkirikkanat,Mine G. Kırıkkanat,25,"Journalist, Author, Columnist"
@mkulunk,Metin Külünk,0,"MP, AKP"
@mnailkecili,Nail Kecili,8,Businessman
@MORGULYILMAZ,Yılmaz Morgül,10,Musician
@mozaydinli,Murat Özaydınlı,3,Businessman
@mrtclkr,Murat Çeliker,4,Politician
@mrvsevi,Merve Sevi,11,TV Series actor
@msarikaya6,Muharrem Sarıkaya,2,Journalist
@mserdark,M. Serdar Kuzuloğlu,9,"Columnist, TV host"
@MSTanrikulu,Sezgin Tanrıkulu,11,"MP, CHP"
@MTanal,Mahmut Tanal,0,"MP, CHP"
@mtekeli35,Mehmet Tekelioglu,2,"MP, AKP"
@mt_goksu,Mehmet Tevfik Göksu,4,Politician
@MuammerELVEREN,Muammer ELVEREN,1,Journalist
@MuammerGulerr,Muammer Güler,6,"MP, AKP"
@mucahitbilici,Mucahit Bilici,2,Academician
@MucellaYapici,MucellaYapici,0,Social entrepreneur
@MuezzinogluDR,Mehmet Müezzinoğlu,4,"MP, AKP"
@MuhittinBosat,Muhittin Boşat,4,Commentator
@muhsinakgun,Muhsin Akgün,3,Artist
@Mumtazer,Mümtaz'er Türköne,6,"Academician, Columnist"
@Muneccimbasi,R. Hakan Kırkoğlu,6,Commentator
@mungan_murathan,Murathan Mungan,11,Author
@munibenno,Münib Engin Noyan,6,Artist
@murataksoy,Murat Aksoy,1,Columnist
@MuratBoz,Murat Boz,136,Musician
@MuratCelik_1,Murat Çelik,5,Journalist
@MuratDalkilic,Murat Dalkılıç,34,Musician
@muratdidin,Murat Didin,1,"Athlete, Columnist"
@muratevgin,Murat Evgin,0,Musician
@MuratKazanasmaz,Murat Kazanasmaz,3,Commentator
@muratsabuncum,Murat Sabuncu,5,Entrepreneur
@murattolga,Murat Tolga Şen,1,"Author, Commentator"
@MuratYetkin2,Murat Yetkin,3,Journalist
@Murat_Alparslan,Murat Alparslan,2,Politician
@Murat_ide,Murat İde,22,"Journalist, Commentator"
@muslimsarichp,Müslim Sarı,10,"MP, CHP"
@mustafabalbay,Mustafa Balbay,6,"Journalist, CHP, MP"
@mustafaceceli,Mustafa Ceceli,37,Musician
@MustafaKurdas,Mustafa Kurdaş,1,Journalist
@mustafaltioklar,Mustafa Altioklar,22,"Producer, Director"
@MustafaSentop,Mustafa Şentop,3,"Academician, AKP, MP"
@Mustafa_Destici,Mustafa Destici,7,Politician
@Mustafa___Demir,Mustafa Demir,3,Politician
@mustaf_unal,Mustafa Ünal,2,Journalist
@mustfsnmz,Mustafa Sönmez,5,Columnist
@mustinetnet,Mustafa Sandal,46,Musician
@MU_ULKER,Murat Ülker,2,Businessman
@Mv_MCetin,Muhammed Çetin,1,"MP, Independent"
@myalcintas,Murat Yalcintas,3,Businessman
@myikar,Metin Yıkar,8,Journalist
@M_Sarigul,Mustafa Sarıgül,15,Politician
@nacibostanci,Naci Bostancı,8,"MP, AKP"
@NadideS,Nadide Sultan,13,Musician
@NaferErmis,Nafer Ermiş,1,Author
@nafigural,Nafi GÜRAL,6,Businessman
@Nagehanalci,Nagehan Alci,23,Columnist
@NahitKiler,Nahit Kiler,5,Businessman
@NamiCAGAN,Nami Çağan,7,"Academician, Politician"
@NamikTan,Namik Tan,7,Bureaucrat
@nasrullahayan,Nasrullah Ayan,9,Businessman
@nasuhigungor,Nasuhi Güngör,7,Bureaucrat
@nasuhmahruki,Nasuh Mahruki,14,Athlete
@nazan_oncel,Nazan Öncel,9,"Musician, Musician"
@Nazenint,Nazenin Tokuşoğlu,3,Journalist
@nazlicanozkan,Nazlıcan Özkan,17,Author
@Nazmigur,Nazmi Gür,1,"MP, HDP"
@nebilozgenturk,Nebil Özgenturk,4,Author
@nebilragip,Nebil İlseven,5,"Businessman, Politician"
@necatisler,necat isler,31,Artist
@NecdetPamir,Necdet Pamir,2,"Politician, Consultant"
@necdetunuvar,Necdet Ünüvar,4,"MP, AKP"
@neco_ates,Necati Ateş,0,Athlete
@nedimsaban,nedim saban,10,"Theater Actor, Director"
@nedimsener2010,Nedim Şener,13,"Journalist, Author"
@nejatkocer,Nejat Koçer,8,"MP, AKP"
@nesli17,neslihan demir,11,Athlete
@neslihanacu,Neslihan Acu,9,"Journalist, Author"
@NeslihanYargici,Neslihan Yargıcı,27,"Businesswoman, Stylist"
@Nesrinnas,Nesrin Nas,2,Politician
@nevsinmengu,Nevşin Mengü,17,TV host
@NevvalS,Nevval Sevindi,4,Journalist
@NEWSSEEKERNO1,Can Paker,5,"Businessman, Social entrepreneur"
@NhrErd,Nehir Erdoğan,19,TV Series actor
@nibenka,Nihal Bengisu Karaca,19,Journalist
@nihadagenc,Nihat Genç,23,"Journalist, Author"
@NihatDogan_ND,Nihat Doğan,95,"Musician, Celebrity"
@nihatipoglu,Nihat Hatipoğlu,2,Religious Scholar
@NihatKahveci8,Nihat Kahveci,17,Athlete
@nihatsirdar,Nihat Sırdar,21,TV host
@nihattosun61,Nihat Tosun,0,Bureaucrat
@NilBurakk,Nil Burak,10,Musician
@nildaybelday,Nilgün Belgün,120,Artist
@Niltakipte,Nil Karaibrahimgil,23,Musician
@niluferacikalin,Nilüfer Açıkalın,14,"Theater Actor, Author"
@NiluferBulutt,Nilüfer Bulut,3,Businesswoman
@Nilufergole,Nilüfer Göle,0,Academician
@Nimet_Bas,Nimet Baş,9,"AKP, MP"
@niranunsal,Niran Ünsal,0,Musician
@NOdabasi,Nihat Odabaşı,16,Artist
@Notredamedesion,Nazlı Ilıcak,39,"Journalist, Columnist"
@nrglyslcy,Nurgül Yeşilçay,90,Movie Actor
@NuhAlbayrak,NUH ALBAYRAK,4,Journalist
@nuhyilmaz,NUH YILMAZ,2,Columnist
@NukhetDuru,Nükhet Duru,9,Musician
@NumanKurtulmus,Numan Kurtulmuş,14,"Academician, Politician"
@nurancakmakci,Nuran Çakmakçı,4,"Journalist, Author"
@nuraysayari,Nuray Sayari,2,"Consultant, Commentator"
@nurcanakad,Nurcan Akad,3,Journalist
@nurettin_demir,Nurettin Demir,3,"MP, CHP"
@NurGer1,Nur Ger,3,"Social entrepreneur, Businesswoman"
@nurisahin05,Nuri Şahin,10,Athlete
@NurrYerlitas,Nur Yerlitaş,21,"Stylist, Celebrity"
@obasturk,Onur Baştürk,8,Columnist
@obenBudak,Oben Budak,12,Columnist
@odalga,Özlem Dalga,6,TV host
@OdunHerif,Odun Herif,7,Twitter Phenomenon
@OFarukLogoglu,O. Faruk Loğoğlu,13,"MP, CHP"
@ofunal,Ömer Faruk Ünal,5,"Columnist, Commentator"
@OF_Eminagaoglu,Ömer F. Eminağaoğlu,0,Legist
@oguzksalici,Oğuz Kaan Salıcı,5,Politician
@okanbayulgen,okan bayulgen,68,"Artist, Author, Producer"
@okaygonensin,okay gönensin,3,Columnist
@okay_karacan,Okay Karacan,8,"Journalist, Columnist"
@oktayvural,Oktay Vural,36,"MHP, MP"
@olcay_sahan10,Olcay Sahan,5,Athlete
@Olgunsimsek_,Olgun Şimşek,36,Artist
@omerdongeloglu,Ömer Döngeloğlu,5,Author
@omermadra,Ömer Madra,2,"Academician, TV host"
@omerrcelik,Ömer Çelik,9,"MP, AKP"
@OmerTemelli,Omer Temelli,2,Businessman
@omer_sahinn,Ömer Şahin,4,Journalist
@omer_topbas,Mustafa Topbaş,7,Businessman
@omradymn,Ömer Adıyaman,9,Journalist
@omurgedik,Ömür Gedik,79,Columnist
@onalfusun,Füsun Önal,3,Artist
@onanarzum,Arzum Onan,0,"Celebrity, Model"
@onderozturk2023,Önder Öztürk,6,Journalist
@oneyferyal,Feryal Öney,18,Musician
@OnurOymen,Onur Oymen,3,"Politician, Bureaucrat"
@ooktayeksi,Oktay Ekşi,21,"MP, CHP"
@OPAMUKOGLU,Osman PAMUKOĞLU,16,"Politician, Emeritus Officers"
@orayegin,Oray Eğin,7,Journalist
@orhanaydin6,Orhan Aydın,11,Artist
@ORHANBURSALI,Orhan Bursalı,7,Columnist
@orhanduzgun60,Orhan Düzgün,6,"MP, CHP"
@orkece,Orhan Kemal Cengiz,7,"Legist, Columnist"
@osmandevelioglu,Osman Develioğlu,2,Politician
@OsmanGokcek_,Osman Gökçek,9,"Politician, Businessman"
@OsmanKoruturk,Osman Korutürk,3,"MP, CHP"
@osmansrt,Osman Sert,2,Bureaucrat
@otaspinar,Ömer Taşpınar,1,"Academician, Author"
@oulagay,Osman Ulagay,1,Columnist
@ousankoc,Oğuzhan Koç,4,Artist
@oykucelikkk,Öykü Çelik,3,Twitter Phenomenon
@OYUNADAMI,Hakan Yılmaz,15,Artist
@OzanDogulu,Ozan Doğulu,17,"Artist, Producer"
@OzanKibritci,Ozan Kibritçi,4,TV host
@OzanOnen,Ozan Önen,1,Author
@ozaysendir,Özay Şendir,0,Journalist
@ozbekbahadir,Bahadır Özbek,9,Businessman
@OzcanDeniz,Özcan Deniz,38,"Musician, Producer, Director"
@ozdemsanberk,Özdem Sanberk,1,Emeritus bureaucrat
@ozgeulusoyresmi,Özge Ulusoy,74,"TV Series actor, Model"
@ozge_mumcu,Özge Mumcu,19,"Academician, Columnist"
@ozguralaz,Özgür Alaz,3,Businessman
@ozguraras,Özgür Aras,1,"PR specialist, Producer"
@ozgurcek60,Özgür Çek,2,Athlete
@ozgurmasur,Özgür Masur,0,Stylist
@ozgurmumcu,Özgür Mumcu,15,"Academician, Columnist"
@OzlemGurses,Özlem Gürses,21,"TV host, PR specialist"
@ozlemsavas,Özlem Savaş,2,Celebrity
@OzlemTekin,ÖZLEMTEKİN,15,"Musician, TV Series actor"
@ozlemyldz_,Özlem Yıldız,19,TV host
@ozlem_albayrak,Özlem Albayrak,14,Journalist
@ozlem_denizmen,Ozlem Denizmen,6,"Consultant, Executive"
@oztekinrasim,Rasim Öztekin,25,Artist
@oz_zekeriya,Zekeriya Öz,2,Legist
@Patavatsiz,Harun Kolçak,0,Musician
@pekkan1,Pekkan,100,Artist
@PelinBatuRevnak,Pelin Batu,0,Columnist
@peliniioztekin,Pelin Öztekin,12,TV Series actor
@pelinozkan,Pelin Özkan,12,Journalist
@PervinBuldan,Pervin Buldan,22,"MP, HDP"
@Petekdncz,Petek Dinçöz,53,"Musician, TV host"
@pinaratacan,Pınar Altuğ Atacan,61,Artist
@PinarAylin,Pınar Aylin,0,Musician
@pinarbihter,Pınar Öğünç,3,"Author, Columnist"
@pinarersoy,Pınar Ersoy,7,Journalist
@Pinar_Selek,Pınar Selek,16,Academician
@pinkfreud,Pink Freud,15,"Author, Twitter Phenomenon"
@pnouma21,Pascal Nouma,60,Athlete
@poyrazalti,Haluk Şahin,3,"Academician, Journalist"
@ProfDrFarukSen,Faruk Şen,5,"Academician, Politician"
@profdrihsanoglu,Ekmeleddin İhsanoğlu,1,Politician
@ProfDrMaydin,Mustafa Aydın,1,Academician
@profozcan,Prof. Dr. Mehmet Özcan,9,"Academician, Author"
@PuCCaa,PuCCa,100,"Author, Twitter Phenomenon"
@PYAntika,Piraye Antika,8,Executive
@rahsangulsan,Rahşan Gülşan,30,Columnist
@RamisTopal,Ramis Topal,6,"MP, CHP"
@RasimOzan_K,Rasim Ozan Kütahyalı,10,"Columnist, Commentator"
@renemliD,Naim Dilmener,5,"Artist, Author"
@ResatPetek,Reşat Petek,0,Legist
@Reyhan_Karaca,Reyhan Karaca,37,Artist
@RHisarciklioglu,Rifat Hisarcıklıoğlu,4,Businessman
@RizaKocaoglu,Rıza Kocaoğlu,14,TV Series actor
@roberhatemo75,Rober Hatemo,1,Artist
@rober_koptas,rober_koptas,3,Author
@rodrikdani,Dani Rodrik,10,Academician
@RoniMargulies,Roni Margulies,0,"Author, Columnist"
@RT_Erdogan,Recep Tayyip Erdoğan,137,"MP, AKP"
@ruhsardemirel,Ruhsar Demirel,9,"MP, MHP"
@RustemBatum,Rüstem Batum,4,Artist
@saadetisilaksoy,Saadet Aksoy,3,TV Series actor
@sabahatakkiraz,Sabahat Akkiraz,38,"CHP, MP"
@saba_t,saba tumer,139,TV host
@sabriugan,Sabri Ugan,6,TV host
@SADIOZDEMIR,Sadi Özdemir,5,"Author, Columnist"
@safakongan,Şafak Ongan,2,TV host
@safakpavey,Şafak Pavey,32,"MP, CHP"
@SafakSezer,Şafak Sezer,15,"Movie Actor, Theater Actor"
@saffetsancakli,Saffet Sancaklı,6,Athlete
@saglam_erdal,Erdal Sağlam,1,Journalist
@Sagopakajmerrap,sagopa kajmer,21,Musician
@sahinirmak,Şahin Irmak,33,Artist
@sahinmengu,Şahin Mengü,12,Politician
@sahmetsahmet,Ahmet Şık,8,Journalist
@SahnazCakiralp,Şahnaz Çakıralp,16,TV Series actor
@sakiksirri,Sırrı Sakık,11,"MP, HDP"
@SalarMurat,Murat Salar,0,"Economist, Executive"
@Salih_Kapusuz,Salih Kapusuz,10,"MP, AKP"
@salimuslu_,Salim Uslu,0,"MP, AKP"
@samiltayyar27,Şamil Tayyar,40,"MP, AKP"
@sanatatak,Aysegul Sönmez,9,Journalist
@sarpapak81,Sarp Apak,26,TV Series actor
@saygi_ozturk,Saygı Öztürk,3,"Journalist, Columnist"
@sayinemell,Emel Sayın,15,Artist
@sbrymr,Sabri Sarioglu,12,Athlete
@sebnembozoklu,Şebnem Bozoklu,31,Artist
@sebnembursali,Şebnem Bursalı,4,Journalist
@Sebnemisiguzel,Şebnem İşigüzel,10,Author
@secondvirus,Cemil Barlas,7,Businessman
@sedaaonder,Seda Önder,1,Businesswoman
@SedaKaya_12,Seda Kaya,0,Businesswoman
@sedaogretir,sedaogretir,8,TV host
@sedatlaciner,Sedat Laçiner,11,Academician
@sedatuzunyol,Sedat Uzunyol,4,Author
@SedefKabas,Sedef Kabaş,20,Author
@seferlevent,Sefer Levent,2,Journalist
@sehrazatmusic,Sehrazat,11,"Musician, Artist"
@sekermurat,Murat Şeker,6,Director
@selalekadak,Selale Kadak,6,Columnist
@selamiince,Selami İnce,2,Journalist
@selcukayhn,Selçuk Ayhan,3,Politician
@selcukerdem,Selçuk Erdem,16,Artist
@selcuk_dereli,Selçuk Dereli,6,Athlete
@selcuk_yontem,Selçuk Yöntem,10,Artist
@SelinBoronkays,Selin Boronkay,6,Businesswoman
@SemihaYanki,Semiha Yankı,11,Musician
@semihgumus,Semih Gümüş,6,"Columnist, Author"
@semihsayginer,Semih Saygıner,20,Athlete
@senakaleli,Sena Kaleli,6,"MP, CHP"
@sencerayata,Sencer Ayata,3,"Academician, CHP, MP"
@senerabdullatif,Abdüllatif Şener,83,"Politician, Academician"
@senlikogluemine,Emine Şenlikoğlu,23,"Columnist, Commentator"
@serapduygulu,Serap Duygulu,0,Consultant
@Seray_Sever,Seray Sever,26,"TV host, Producer, TV Series actor"
@sercanyildirim9,Sercan Yıldırım,5,Athlete
@SerdalAdali_BJK,Serdal Adalı,1,Businessman
@serdarakinan,Serdar Akinan,26,Journalist
@serdargokalp,Serdar Gökalp,6,TV host
@serdargut,serdar turgut,3,"Journalist, Author"
@Serdarortacs,Serdar Ortaç,36,Artist
@serdar_cam,Serdar Çam,0,"Academician, Bureaucrat"
@serefoguz,Şeref Oğuz,5,Journalist
@serenserengilSS,Seren Serengil,0,Artist
@serkanaltunigne,Serkan Altuniğne,5,Artist
@sermiyanmidyat,Sermiyan Midyat,50,Artist
@serrafine,Serra Yilmaz,8,"Artist, Author"
@sertaberener,Sertab Erener,13,"Musician, Artist"
@SevanNisanyan,Sevan Nişanyan,8,"Author, Columnist"
@sevdaturkusev,Sevda Türküsev,0,"Columnist, Commentator"
@sevilayyaziyor,Sevilay Yükselir,19,Journalist
@sevil_atasoy,Sevil Atasoy,13,Academician
@SevimGozay,Sevim Gözay,39,"Columnist, TV host"
@sevvalsam,Şevval Sam,27,"Musician, Artist, Producer"
@seyhanbulent,Bülent Seyhan,0,"Businessman, Producer"
@seyitaliaral,Seyit Ali Aral,2,Artist
@seyyaltaner,Seyyal TANER,4,Musician
@sezenaksu,Sezen Aksu,26,"Musician, Artist"
@sgokbakar,Şahan Gökbakar,156,"Artist, Producer"
@sibelarna,Sibel Arna,3,Author
@sibeleraslan,Sibel Eraslan,7,Columnist
@sibelgokce,Sibel Gökçe,0,Movie Actor
@sibel_tuzun,Sibel Tüzün,11,Artist
@silagencoglu,Sıla Gençoğlu,39,Musician
@simaybulbul,Simay Bülbül,1,Stylist
@simgefstk,Simge Fıstıkoğlu,32,TV host
@simgetertemizz,Simge Tertemiz,1,"Model, TV host"
@SinaAfra,Sina Afra,2,Businessman
@sinanaaygun,Sinan Aygün,3,"MP, CHP"
@sinanakcil,Sinan Akçıl,31,Musician
@sinancetinplato,Sinan Çetin,13,"Producer, Director, Adman"
@sinanguler,Sinan Guler,5,Athlete
@SirinEBayulgen,Şirin Bayülgen,1,Celebrity
@siring,Sirin Payzin,20,"Journalist, TV host"
@SIRIN_UNAL,Şirin Ünal,0,"MP, AKP"
@SirketDoktoru,Rauf Ates,1,Journalist
@sirsureyya,Sırrı Süreyya Önder,11,"MP, HDP"
@sitkiozcan,Sıtkı Özcan,2,Journalist
@sivilayabla,Sivilay Abla,2,Academician
@skadibesegil,Salim M. Kadıbeşegil,1,"Academician, Consultant"
@skulkuloglu,M.Şevki Kulkuloğlu,6,"MP, CHP"
@slymnoz,Süleyman Özışık,7,Journalist
@SonerArica,Soner Arıca,9,Musician
@sonkibar,Sabahattin Önkibar,7,Columnist
@SONSAYI,Ateş İlyas Başsoy,14,Author
@soraynazan,Nazan Şoray,18,Musician
@srkbdy,Soner Sarıkabadayı,15,Musician
@SrnySrkyResmi,Serenay Sarıkaya,8,"TV Series actor, Model"
@ssayanofficial,Seda Sayan,19,"TV host, Musician"
@stelyop,Stelyo Pipis,8,Celebrity
@suatkavukluoglu,Suat Kavukluoğlu,0,Musician
@suatkilic,Suat Kılıç,16,"MP, AKP"
@SuatToktas,Suat Toktaş,1,Journalist
@SUAVI_SUAVI,Suavi,24,Artist
@suheylbatum,Süheyl Batum,5,"MP, CHP"
@sukruelekdag,Sukru Elekdag,4,"Academician, Emeritus bureaucrat, Politician"
@SukruGENCBaskan,Şükrü Genç,2,Politician
@Sukrukucuksahin,Şükrü Küçükşahin,5,Columnist
@suleymansarilar,Süleyman Sarılar,3,Journalist
@suleymansoylu,Süleyman Soylu,6,Politician
@sulezeybek,Şule Zeybek,3,TV host
@SumruYavrucuk,Sumru Yavrucuk,7,Theater Actor
@SunalAli,Ali Sunal,99,Artist
@SunaVidinli,Suna Vidinli®,9,"Politician, TV host"
@SunayAkin,Sunay Akın,3,Author
@suyorumcusu,Hakan Demir,1,Twitter Phenomenon
@suzan_kardes,Suzan Kardeş,1,Artist
@syukselsenler,Şule Yüksel Şenler,2,Author
@S_Celebi,Süleyman Çelebi,7,"MP, CHP"
@s_hablemitoglu,Şengül Hablemitoglu,0,Academician
@TahaOzhan,Taha Özhan,0,"Academician, Social entrepreneur"
@Tahir_Akyurek,Tahir Akyürek,8,Politician
@Tahsin_Yilmaz,Tahsin Yılmaz,5,Bureaucrat
@taksimdayanisma,Taksim Dayanışması,6,Social entrepreneur
@takyildiz,Tolga Akyıldız,5,Author
@tanerbirsell,Taner Birsel,0,Movie Actor
@tanikunal,Ünal Tanık,3,Journalist
@TANYELIyle,Tanyeli,1,Celebrity
@tarhanerdem,Tarhan Erdem,0,"Businessman, Commentator"
@TarikToros,Tarık Toros,7,"Journalist, Commentator"
@tarkan,Tarkan,49,"Musician, Artist"
@TartanHakan,Hakan Tartan,4,Politician
@TayfunBAYAZIT,Tayfun Bayazıt,1,"Consultant, Executive"
@taylan1789,Ahmet Mümtaz Taylan,70,"Movie Actor, Theater Actor"
@taylankumelii,Taylan Kümeli,0,Consultant
@TBMMresmi,TBMM,19,Others
@tccankaya,T.C.Cumhurbaşkanlığı,38,Politician
@TC_Disisleri,Dışişleri Bakanlığı,17,Politician
@tekalan,Şerif Ali Tekalan,1,Academician
@tekinlatife,Latife Tekin,4,Author
@terimfatih,Fatih Terim,44,Athlete
@Tevfik_Yener,Tevfik Yener,6,"Journalist, Author"
@tezcanah,Ahmet Tezcan,24,"Journalist, TV host, Producer"
@tezelali,Ali Tezel,0,"Columnist, Commentator"
@thealiagaoglu,Ali Ağaoğlu,52,"Journalist, Commentator"
@tkucukcan,Talip Küçükcan,1,Academician
@tokcem,Cem Toker,20,Politician
@TolgaCevik,Tolga Çevik,40,"Movie Actor, Theater Actor"
@Tonbekici,Mutlu Tönbekici,7,Columnist
@tongsiroguz,Oğuz Tongsir,9,TV host
@ToprakBinnaz,Binnaz Toprak,1,"MP, CHP"
@Toramanibrahim,İbrahim Toraman,17,Athlete
@toygarisikli,Toygar Işıklı,30,Musician
@Trabzonspor,Trabzonspor Kulübü,4,Sports club
@ttatari,Tuğçe Tatari,20,Journalist
@ttbamteli,Tayfun Talipoğlu,33,Producer
@tturenc,Tufan Türenç,35,"Journalist, Columnist"
@tubaunsal,Tuba Ünsal,42,"Celebrity, Stylist"
@tufandarbaz,Tufan Darbaz,3,"Consultant, Director"
@tugbamlstrk,Tuğba Melis Türk,3,Model
@TUGBAOZAY10,Tuğba Özay Fatizzo,26,"Model, Musician"
@tugbaozerk,Tuğba Özerk,14,Musician
@TugbaSahiin,Tuğba Şahin,5,"Journalist, TV host"
@tugba_ekinci,Tuğba Ekinci,2,Musician
@tugrultulek,Tuğrul Tülek,0,Twitter Phenomenon
@TugrulTurkes,Tuğrul Türkeş,0,"MP, MHP"
@TulaySelamoglu,Tülay Selamoğlu,3,"MP, AKP"
@Tuluhantekeli,Tuluhan Tekelioğlu,36,"Author, TV host"
@tunabeklevic,Tuna Beklevic,2,"Politician, Columnist"
@tuncatoskay,Tunca Toskay,1,Politician
@tuncayopcin,Tuncay Opçin,0,Author
@tuncaysanli17,Tuncay Sanli,7,Athlete
@TuncCigdem,Çiğdem Tunç,0,TV host
@tuncelsebahat,Sebahat Tuncel,7,"HDP, MP"
@turgaydemirr,Turgay Demir,0,Commentator
@turgayguler,Turgay Güler,3,"Journalist, Author"
@turgayogur,Turgay Oğur,4,"Social entrepreneur, Author"
@turgutdibek,Turgut Dibek,4,"MP, CHP"
@turgutkazan,Turgut Kazan,2,"Politician, Lawyer"
@tweetingdefne,Defne Samyeli,15,Artist
@T_MenderesTurel,Menderes Türel,5,"MP, AKP"
@UfukUras,Ufuk Uras,31,Politician
@ugurarslanua,Uğur Arslan,1,TV host
@ugurdundarsozcu,Uğur Dündar,4,Journalist
@UgurMeleke,Uğur Meleke,13,"Columnist, TV host, Commentator"
@ugursefkat,ugursefkat,4,Journalist
@ugurses,Uğur Gürses,6,Columnist
@ugur_ergan,Ugur Ergan,12,Journalist
@ukaran1976,Ümit Karan,106,Athlete
@ulgenbulent,Bülent Ülgen,5,TV host
@Uluc_Gurkan,Uluç Gürkan,6,"Politician, Journalist, Academician"
@umitalan,Ümit Alan,13,"Author, Columnist"
@UmitKiler,Ümit Kiler,1,Businessman
@UmitMeric,Prof. Dr. Ümit Meriç,2,Academician
@umitnazliboyner,Ümit Nazlı Boyner,23,Businesswoman
@umitozdag,Prof. Dr. Ümit Özdağ,24,"Politician, Academician"
@Umit_Kocasakal,Ümit Kocasakal,8,"Lawyer, Executive"
@umit_zileli,Ümit Zileli,9,"Journalist, Columnist"
@umransavasinan,Umran İnan,2,"Academician, Scientist"
@Umur_Talu,Umur Talu,6,Journalist
@UmutOranCHP,Umut Oran,9,"CHP, MP"
@UnalCevikoz,Unal Cevikoz,3,Bureaucrat
@unsalban,Ünsal Ban,2,Academician
@uralakuzum,Ural Akuzum,3,Social entrepreneur
@USEmbassyTurkey,US Embassy Turkey,1,Politician
@utkucakirozer,Utku Cakirozer,2,Columnist
@Uzulmez19,İbrahim Üzülmez,8,Athlete
@uzunsoray,Şoray Uzun,3,TV host
@VahapMunyar,Vahap Munyar,8,"Journalist, Columnist"
@Vahit_Kiler,Vahit KİLER,1,"MP, AKP"
@Valimutlu,Hüseyin Avni Mutlu,18,Bureaucrat
@varank,Mustafa Varank,0,Consultant
@vatan_sasmaz,Vatan Şaşmaz,5,TV host
@vedatozdemiro,Vedat Özdemiroğlu,9,Author
@Vefa_Tarhan,Vefa Tarhan,5,Politician
@vekilince,Muharrem İnce,40,"MP, CHP"
@veliagbaba,Veli Ağbaba,8,"MP, CHP"
@velveleyeverdim,Büdü,2,Twitter Phenomenon
@VeyselEroglu,Veysel Eroğlu,11,"MP, AKP"
@vivetchka,Vivet Kanetti Uluç,3,Author
@volkanaki,Volkan Akı,2,Journalist
@VolkanCanali,M. Volkan Canalioğlu,7,Politician
@volkankonak,Volkan Konak,42,Artist
@volkan_bozkir,Volkan Bozkır,3,"MP, AKP"
@WilmaElles,Wilma Elles,2,TV Series actor
@yaktay,Yasin Aktay,0,"Academician, Politician"
@Aysenurislam,Ayşenur İslam,0,"AKP, MP"
@Yalcinbayer,Yalçın Bayer,5,"Journalist, Columnist"
@yalcincakir,Yalcin Cakir,6,"Journalist, TV host"
@YALINonline,Yalın,33,Musician
@yankiyazgancom,Yankı Yazgan,7,"Academician, Scientist"
@yasarokuyan,Yaşar Okuyan,14,Politician
@yasar_gunacgun,Yaşar,33,Musician
@YaseminCongar_,Yasemin Çongar,0,Journalist
@yasemininceoglu,Yasemin İnceoglu,30,Academician
@Yasemin_Boran,Yasemin Boran,17,Commentator
@Yasemin_Mori,Yasemin Mori,4,Stylist
@YasrNuriOzturk,Yaşar Nuri Öztürk,27,"Politician, Religious Scholar"
@yavuzbaydar,Yavuz Baydar,5,Journalist
@yavuzoghan,Yavuz Oğhan,8,Journalist
@yavuzseckin,Yavuz Seçkin,66,"Radio DJ, TV Series actor"
@yavuz_semerci,yavuz semerci,6,"Journalist, Columnist"
@Yaziyor,Serdar Tuncer,5,"TV host, Author, Commentator"
@yektakopan,Yekta Kopan,13,"Author, TV host"
@yek_35,Yekta Kurtuluş,15,Athlete
@yelchin,Elçin Yahşi,4,Journalist
@yel_yeliz,Yeliz Yeşilmen,4,"TV Series actor, TV host"
@yenerdonmez,Yener Dönmez,6,Journalist
@YeniAlisan,Alişan,124,"Musician, TV host, TV Series actor"
@yeniay_aziz,Aziz Yeniay,6,Politician
@yeniceriozcan,Özcan Yeniçeri,3,"MP, MHP"
@yensaroglu,Yılmaz Ensaroğlu,1,"Academician, Social entrepreneur"
@yerdinc65,Yaşar Erdinç,0,"Academician, Columnist"
@yesimsalkim,Yeşim Salkım,18,"TV Series actor, Artist"
@yigitbulutt,Yiğit Bulut,36,Journalist
@YigiterUlug,Yigiter Ulug,2,"TV host, Commentator"
@YilCagAtiksoy,Yildiz Cagri Atiksoy,9,TV Series actor
@yildarado,Yıldıray Oğur,8,Columnist
@yildirim_turker,Yıldırım Türker,0,Author
@YildizzTilbee,Yıldız Tilbe,42,Musician
@yilmazburak17,Burak Yılmaz,29,Athlete
@yilmazerdogan,Yılmaz Erdoğan,35,"Artist, Producer, Director"
@yilmazodabasi,Yılmaz Odabaşı,14,Others
@yilmazvuraltr,Yilmaz Vural,7,Coach
@YoncaEvcimik,Yonca Evcimik,25,Musician
@YoncaLodi17,Yonca Lodi,4,Artist
@yramazanoglu,Yıldırım Ramazanoğlu,4,"MP, AKP"
@YrGngelopoulos,Yorgo Angelopoulos,0,Twitter Phenomenon
@yukselozden,Yüksel Özden,4,"MP, AKP"
@YUlker,Yahya Ülker,4,Businessman
@yunusgunce,Yunus Günçe,26,Artist
@yusufhalacoglu,Yusuf Halaçoğlu,13,"MP, MHP"
@Yusuf_Gunay,Yusuf Günay,7,Bureaucrat
@YvzbNgl,Yavuz Bingöl,27,TV Series actor
@YZDMRGL,Yaprak Özdemiroğlu,2,Movie Actor
@YZGLLDGN,Yazgülü Aldoğan,7,Journalist
@YZOzcan,Yusuf Ziya Özcan,2,Bureaucrat
@Y_Akdogan,Yalçın Akdoğan,11,"MP, AKP"
@zaferalgoz,Zafer Algöz,12,Theater Actor
@ZaferArapkirli,Zafer Arapkirli,12,"Journalist, TV host"
@ZaferOzcan_,Zafer Özcan,0,Journalist
@zaferyavan,Zafer Ali Yavan,1,Executive
@zaramuzik,Zara,0,Musician
@ZekiDemirkubuz,Zeki Demirkubuz,12,Director
@zekikayahan,Zeki Kayahan Coşkun,40,TV host
@ZelihaSunal,Zeliha Sunal,17,Musician
@zelkifkazdal,Zelkif Kazdal,3,"MP, AKP"
@ZenginGurkan,Gürkan Zengin,3,"TV host, Producer"
@Zerrintekindor,Zerrin Tekindor,17,Artist
@ZeybekciNihat,Nihat Zeybekçi,1,"MP, AKP"
@zeynabelle,Zeynep Altıok,0,Politician
@ZeynepGogus,ZeynepGöğüş,14,"Journalist, Author"
@zeynepgurcanli,Zeynep Gürcanlı,25,Journalist
@zeyneporaltwit,Zeynep Oral,2,Author
@zeynepturkes,Zeynep Türkeş,0,Musician
@zfrcbkc,Zafer Çubukçu,2,Politician
@ziynetsali,Ziynet Sali,45,Musician
@zkarahanuslu,Zeynep Karahan Uslu,6,"MP, AKP"
@ZubeyirAydar,ZubeyirAydar,0,Politician
@zuhaltopall,Zuhal Topal,34,Musician
@_AAlbayrak,Abdurrahim Albayrak,77,Businessman
@_cevdetyilmaz,Cevdet Yılmaz,5,"MP, AKP"
@_ertemsener,Ertem Şener,43,"TV host, Producer"
@_fatihsahin,Fatih Şahin,7,"MP, AKP"
@_gokhangonul,Gökhan Gönül,27,Athlete
@_nbc_,Nuri Bilge Ceylan,7,Director
@_selcuksahin,Selçuk Şahin,10,Athlete
@_ugurboral,Uğur Boral,9,Athlete
@nuhgonultas,Nuh Gönültaş,0,Columnist
@jamilabayraktar,Cemile Bayraktar,62,Author
@MayaArakon,Maya Arakon,10,"Academician, Columnist"
@fundaarar,Funda Arar,51,Musician
@Sosisyalistr,Cemil İpekçi,38,Stylist
@mithatsancarr,mithat sancar,3,"Academician, Columnist"
@gulbenergen,Gülben Ergen,169,"TV host, Musician"
@kadirdogulu,Kadir Doğulu,70,TV Series actor
@Reha_Muhtar,Reha Muhtar,13,Columnist
@selin_demiratar,Selin Demiratar,5,TV Series actor
@sedaurenNet,Seda Üren Nefesoglu,0,Musician
